<?xml version='1.0' encoding='utf-8'?>
<!DOCTYPE hibernate-configuration PUBLIC
        "-//Hibernate/Hibernate Configuration DTD 3.0//EN"
        "http://www.hibernate.org/dtd/hibernate-configuration-3.0.dtd">

<hibernate-configuration>

    <session-factory>

		<property name="connection.driver_class" >org.postgresql.Driver</property>
		<property name="connection.url" >jdbc:postgresql://localhost:5432/EventManagement</property>
		<property name="dialect">org.hibernate.dialect.PostgreSQL9Dialect</property>
		<property name="connection.username">postgres</property>
		<property name="connection.password" >Welcome123</property>

        <!-- Disable the second-level cache  -->
        <property name="cache.provider_class">org.hibernate.cache.internal.NoCacheProvider</property>

        <!-- Echo all executed SQL to stdout -->
        <property name="show_sql">true</property>

        <!-- Drop and re-create the database schema on startup -->
        <property name="hbm2ddl.auto">update</property>
		
		<mapping class="com.mindtree.evtmanagement.dao.entity.Event"/>
		<mapping class="com.mindtree.evtmanagement.dao.entity.Employee"/>
		
    </session-factory>

</hibernate-configuration>